{
    "cx": 0.5,
    "cy": 0.5,
    "fx": 0.7970605911654538,
    "fy": 0.7972243051546298
}