{
    "cx": 0.5,
    "cy": 0.5,
    "fx": 0.8572737166601563,
    "fy": 0.857483078
}